po_id,product_id,supplier_id,received_date,quantity_received,unit_cost,total_cost,warehouse,quality_pass
PO5053,P1016,S106,2023-01-01,78,791.78,61758.84,Tallinn WH,1
PO5719,P1024,S108,2023-01-03,13,636.78,8278.14,Warsaw WH,1
PO5712,P1024,S108,2023-01-04,180,636.78,114620.4,Madrid WH,1
PO5215,P1007,S107,2023-01-06,71,766.41,54415.11,Berlin WH,0
PO5647,P1024,S106,2023-01-06,12,636.78,7641.36,Helsinki WH,1
PO5027,P1027,S101,2023-01-08,86,224.46,19303.56,Berlin WH,1
PO5458,P1001,S103,2023-01-08,194,516.95,100288.3,Helsinki WH,0
PO5254,P1012,S101,2023-01-16,128,77.64,9937.92,Warsaw WH,1
PO5778,P1007,S107,2023-01-18,58,766.41,44451.78,Tallinn WH,1
PO5777,P1014,S110,2023-01-19,122,224.58,27398.76,Berlin WH,1
PO5029,P1009,S105,2023-01-20,29,435.94,12642.26,Helsinki WH,0
PO5106,P1008,S103,2023-01-21,133,680.28,90477.24,Berlin WH,1
PO5640,P1014,S108,2023-01-24,42,224.58,9432.36,Warsaw WH,0
PO5117,P1021,S104,2023-01-29,182,455.67,82931.94,Madrid WH,1
PO5631,P1013,S101,2023-01-29,68,514.01,34952.68,Berlin WH,1
PO5003,P1025,S106,2023-01-31,24,796.96,19127.04,Berlin WH,1
PO5462,P1015,S110,2023-02-02,62,149.34,9259.08,Berlin WH,1
PO5314,P1005,S106,2023-02-03,162,188.05,30464.1,Madrid WH,1
PO5320,P1018,S103,2023-02-03,92,262.63,24161.96,Helsinki WH,1
PO5395,P1013,S109,2023-02-04,95,514.01,48830.95,Tallinn WH,1
PO5310,P1022,S101,2023-02-08,66,328.53,21682.98,Berlin WH,1
PO5690,P1002,S109,2023-02-09,98,593.13,58126.74,Tallinn WH,1
PO5702,P1001,S103,2023-02-10,135,516.95,69788.25,Warsaw WH,1
PO5088,P1024,S102,2023-02-11,160,636.78,101884.8,Berlin WH,1
PO5212,P1022,S107,2023-02-13,13,328.53,4270.89,Tallinn WH,1
PO5450,P1021,S104,2023-02-14,102,455.67,46478.34,Tallinn WH,1
PO5092,P1021,S101,2023-02-22,80,455.67,36453.6,Madrid WH,1
PO5734,P1021,S101,2023-02-22,53,455.67,24150.51,Berlin WH,1
PO5241,P1013,S109,2023-02-23,156,514.01,80185.56,Tallinn WH,1
PO5081,P1024,S104,2023-02-25,22,636.78,14009.16,Warsaw WH,1
PO5078,P1005,S106,2023-03-01,100,188.05,18805.0,Tallinn WH,1
PO5174,P1007,S109,2023-03-01,12,766.41,9196.92,Tallinn WH,1
PO5693,P1001,S103,2023-03-02,200,516.95,103390.0,Tallinn WH,1
PO5244,P1002,S108,2023-03-04,24,593.13,14235.12,Madrid WH,1
PO5771,P1012,S101,2023-03-04,62,77.64,4813.68,Tallinn WH,1
PO5581,P1022,S101,2023-03-05,195,328.53,64063.35,Berlin WH,1
PO5505,P1011,S109,2023-03-06,24,568.09,13634.16,Warsaw WH,1
PO5713,P1021,S108,2023-03-08,47,455.67,21416.49,Madrid WH,1
PO5463,P1007,S107,2023-03-10,115,766.41,88137.15,Madrid WH,1
PO5723,P1011,S109,2023-03-10,76,568.09,43174.84,Helsinki WH,1
PO5649,P1014,S110,2023-03-14,142,224.58,31890.36,Warsaw WH,1
PO5424,P1008,S102,2023-03-16,102,680.28,69388.56,Warsaw WH,1
PO5423,P1002,S108,2023-03-18,45,593.13,26690.85,Warsaw WH,1
PO5756,P1007,S105,2023-03-18,45,766.41,34488.45,Tallinn WH,1
PO5701,P1005,S106,2023-03-19,24,188.05,4513.2,Helsinki WH,1
PO5308,P1017,S102,2023-03-20,74,676.64,50071.36,Warsaw WH,1
PO5190,P1022,S107,2023-03-22,80,328.53,26282.4,Warsaw WH,1
PO5279,P1008,S102,2023-03-22,64,680.28,43537.92,Warsaw WH,0
PO5478,P1007,S107,2023-03-22,19,766.41,14561.79,Berlin WH,1
PO5032,P1026,S104,2023-03-23,92,24.01,2208.92,Berlin WH,1
PO5138,P1022,S101,2023-03-23,111,328.53,36466.83,Tallinn WH,1
PO5087,P1022,S107,2023-03-24,194,328.53,63734.82,Helsinki WH,0
PO5673,P1021,S104,2023-03-24,56,455.67,25517.52,Tallinn WH,1
PO5276,P1004,S109,2023-03-26,116,35.83,4156.28,Madrid WH,1
PO5585,P1026,S104,2023-03-27,195,24.01,4681.95,Warsaw WH,1
PO5559,P1021,S104,2023-04-02,182,455.67,82931.94,Helsinki WH,1
PO5464,P1027,S109,2023-04-10,63,224.46,14140.98,Helsinki WH,1
PO5494,P1013,S101,2023-04-10,196,514.01,100745.96,Helsinki WH,1
PO5186,P1012,S107,2023-04-11,156,77.64,12111.84,Warsaw WH,1
PO5731,P1021,S101,2023-04-12,101,455.67,46022.67,Madrid WH,1
PO5774,P1011,S104,2023-04-12,42,568.09,23859.78,Madrid WH,1
PO5026,P1018,S103,2023-04-15,24,262.63,6303.12,Warsaw WH,1
PO5247,P1008,S109,2023-04-18,40,680.28,27211.2,Berlin WH,1
PO5282,P1012,S107,2023-04-18,162,77.64,12577.68,Tallinn WH,1
PO5305,P1017,S104,2023-04-20,102,676.64,69017.28,Madrid WH,1
PO5515,P1003,S104,2023-04-20,26,346.21,9001.46,Warsaw WH,1
PO5118,P1027,S101,2023-04-22,142,224.46,31873.32,Tallinn WH,1
PO5252,P1024,S104,2023-04-23,2,636.78,1273.56,Berlin WH,1
PO5360,P1018,S110,2023-04-24,32,262.63,8404.16,Madrid WH,1
PO5696,P1013,S109,2023-04-25,196,514.01,100745.96,Berlin WH,1
PO5272,P1023,S106,2023-04-26,91,86.36,7858.76,Madrid WH,1
PO5786,P1019,S103,2023-04-27,154,702.95,108254.3,Warsaw WH,1
PO5009,P1002,S104,2023-04-28,13,593.13,7710.69,Madrid WH,1
PO5338,P1004,S109,2023-04-28,20,35.83,716.6,Warsaw WH,1
PO5449,P1008,S106,2023-04-29,144,680.28,97960.32,Warsaw WH,1
PO5008,P1014,S110,2023-04-30,149,224.58,33462.42,Madrid WH,1
PO5493,P1018,S110,2023-05-01,135,262.63,35455.05,Helsinki WH,1
PO5234,P1016,S106,2023-05-03,151,791.78,119558.78,Madrid WH,1
PO5127,P1021,S104,2023-05-04,157,455.67,71540.19,Helsinki WH,0
PO5223,P1007,S101,2023-05-05,123,766.41,94268.43,Warsaw WH,1
PO5688,P1007,S105,2023-05-05,23,766.41,17627.43,Tallinn WH,1
PO5566,P1002,S109,2023-05-09,148,593.13,87783.24,Helsinki WH,1
PO5452,P1003,S104,2023-05-11,139,346.21,48123.19,Helsinki WH,0
PO5350,P1015,S108,2023-05-13,141,149.34,21056.94,Madrid WH,1
PO5355,P1022,S101,2023-05-15,80,328.53,26282.4,Warsaw WH,0
PO5636,P1023,S106,2023-05-16,80,86.36,6908.8,Warsaw WH,1
PO5718,P1019,S103,2023-05-19,90,702.95,63265.5,Tallinn WH,1
PO5543,P1003,S103,2023-05-22,105,346.21,36352.05,Warsaw WH,1
PO5614,P1007,S105,2023-05-26,59,766.41,45218.19,Warsaw WH,1
PO5627,P1005,S106,2023-05-26,136,188.05,25574.8,Helsinki WH,0
PO5797,P1023,S106,2023-05-26,121,86.36,10449.56,Berlin WH,1
PO5017,P1015,S110,2023-05-29,3,149.34,448.02,Warsaw WH,1
PO5059,P1007,S105,2023-05-30,117,766.41,89669.97,Warsaw WH,1
PO5348,P1017,S102,2023-06-01,116,676.64,78490.24,Berlin WH,1
PO5357,P1013,S109,2023-06-01,33,514.01,16962.33,Tallinn WH,1
PO5129,P1008,S102,2023-06-03,41,680.28,27891.48,Helsinki WH,1
PO5680,P1013,S109,2023-06-03,6,514.01,3084.06,Helsinki WH,1
PO5268,P1022,S107,2023-06-04,46,328.53,15112.38,Warsaw WH,1
PO5274,P1003,S103,2023-06-07,166,346.21,57470.86,Helsinki WH,1
PO5532,P1004,S109,2023-06-07,93,35.83,3332.19,Tallinn WH,0
PO5644,P1018,S103,2023-06-07,128,262.63,33616.64,Warsaw WH,1
PO5444,P1026,S104,2023-06-09,145,24.01,3481.45,Helsinki WH,1
PO5413,P1015,S108,2023-06-11,89,149.34,13291.26,Warsaw WH,1
PO5170,P1022,S107,2023-06-14,85,328.53,27925.05,Madrid WH,1
PO5071,P1007,S109,2023-06-15,36,766.41,27590.76,Berlin WH,1
PO5367,P1007,S101,2023-06-16,12,766.41,9196.92,Madrid WH,1
PO5248,P1010,S101,2023-06-17,70,666.08,46625.6,Warsaw WH,1
PO5306,P1011,S104,2023-06-17,96,568.09,54536.64,Berlin WH,1
PO5443,P1007,S107,2023-06-17,135,766.41,103465.35,Warsaw WH,1
PO5609,P1018,S103,2023-06-18,96,262.63,25212.48,Berlin WH,1
PO5679,P1026,S104,2023-06-22,150,24.01,3601.5,Madrid WH,1
PO5286,P1015,S108,2023-06-23,80,149.34,11947.2,Madrid WH,1
PO5528,P1021,S108,2023-06-23,186,455.67,84754.62,Madrid WH,1
PO5572,P1023,S106,2023-06-23,173,86.36,14940.28,Berlin WH,1
PO5664,P1002,S108,2023-06-23,149,593.13,88376.37,Helsinki WH,1
PO5548,P1026,S104,2023-06-24,28,24.01,672.28,Berlin WH,1
PO5317,P1014,S107,2023-06-25,135,224.58,30318.3,Tallinn WH,1
PO5349,P1022,S105,2023-06-29,175,328.53,57492.75,Tallinn WH,1
PO5763,P1017,S104,2023-07-02,49,676.64,33155.36,Warsaw WH,1
PO5422,P1018,S110,2023-07-03,167,262.63,43859.21,Madrid WH,1
PO5139,P1007,S101,2023-07-07,59,766.41,45218.19,Madrid WH,1
PO5109,P1007,S101,2023-07-10,76,766.41,58247.16,Berlin WH,1
PO5526,P1016,S106,2023-07-10,153,791.78,121142.34,Madrid WH,1
PO5598,P1013,S101,2023-07-10,104,514.01,53457.04,Madrid WH,1
PO5600,P1023,S101,2023-07-10,188,86.36,16235.68,Warsaw WH,1
PO5726,P1007,S109,2023-07-10,87,766.41,66677.67,Madrid WH,0
PO5611,P1022,S101,2023-07-14,1,328.53,328.53,Berlin WH,1
PO5508,P1011,S109,2023-07-15,136,568.09,77260.24,Helsinki WH,1
PO5376,P1015,S102,2023-07-18,13,149.34,1941.42,Tallinn WH,0
PO5740,P1015,S102,2023-07-18,22,149.34,3285.48,Tallinn WH,1
PO5558,P1007,S105,2023-07-19,113,766.41,86604.33,Warsaw WH,1
PO5761,P1012,S107,2023-07-21,59,77.64,4580.76,Berlin WH,1
PO5207,P1022,S107,2023-07-22,126,328.53,41394.78,Madrid WH,1
PO5307,P1015,S110,2023-07-22,183,149.34,27329.22,Tallinn WH,1
PO5018,P1008,S106,2023-07-24,19,680.28,12925.32,Madrid WH,1
PO5173,P1021,S101,2023-07-25,114,455.67,51946.38,Berlin WH,1
PO5695,P1004,S102,2023-07-25,64,35.83,2293.12,Berlin WH,1
PO5753,P1008,S106,2023-07-25,28,680.28,19047.84,Madrid WH,1
PO5291,P1003,S103,2023-07-27,130,346.21,45007.3,Madrid WH,1
PO5677,P1016,S105,2023-07-28,36,791.78,28504.08,Helsinki WH,1
PO5586,P1009,S105,2023-07-29,189,435.94,82392.66,Berlin WH,1
PO5615,P1002,S109,2023-07-29,27,593.13,16014.51,Tallinn WH,1
PO5033,P1014,S107,2023-07-30,91,224.58,20436.78,Madrid WH,1
PO5334,P1002,S104,2023-07-30,21,593.13,12455.73,Tallinn WH,1
PO5646,P1018,S103,2023-07-30,147,262.63,38606.61,Helsinki WH,1
PO5278,P1022,S105,2023-07-31,88,328.53,28910.64,Helsinki WH,1
PO5321,P1024,S108,2023-08-01,198,636.78,126082.44,Madrid WH,1
PO5555,P1007,S105,2023-08-03,76,766.41,58247.16,Warsaw WH,0
PO5724,P1005,S110,2023-08-03,19,188.05,3572.95,Tallinn WH,1
PO5551,P1009,S105,2023-08-05,3,435.94,1307.82,Helsinki WH,1
PO5062,P1027,S109,2023-08-07,200,224.46,44892.0,Warsaw WH,1
PO5426,P1007,S107,2023-08-08,86,766.41,65911.26,Tallinn WH,1
PO5037,P1004,S109,2023-08-10,98,35.83,3511.34,Helsinki WH,1
PO5560,P1008,S104,2023-08-12,174,680.28,118368.72,Berlin WH,0
PO5669,P1021,S108,2023-08-12,40,455.67,18226.8,Helsinki WH,1
PO5400,P1005,S110,2023-08-14,49,188.05,9214.45,Helsinki WH,1
PO5461,P1015,S110,2023-08-20,9,149.34,1344.06,Warsaw WH,1
PO5154,P1018,S110,2023-08-21,119,262.63,31252.97,Helsinki WH,1
PO5345,P1019,S103,2023-08-21,7,702.95,4920.65,Berlin WH,1
PO5250,P1024,S106,2023-08-22,89,636.78,56673.42,Warsaw WH,1
PO5570,P1023,S106,2023-08-22,90,86.36,7772.4,Tallinn WH,1
PO5089,P1007,S105,2023-08-23,145,766.41,111129.45,Berlin WH,1
PO5091,P1002,S108,2023-08-23,200,593.13,118626.0,Berlin WH,0
PO5228,P1014,S108,2023-08-23,168,224.58,37729.44,Madrid WH,1
PO5045,P1024,S106,2023-08-25,99,636.78,63041.22,Madrid WH,1
PO5204,P1005,S106,2023-08-26,25,188.05,4701.25,Berlin WH,1
PO5556,P1022,S101,2023-08-26,187,328.53,61435.11,Berlin WH,1
PO5638,P1009,S105,2023-08-26,117,435.94,51004.98,Madrid WH,1
PO5481,P1014,S110,2023-08-29,192,224.58,43119.36,Warsaw WH,1
PO5346,P1011,S104,2023-08-30,68,568.09,38630.12,Tallinn WH,1
PO5796,P1016,S105,2023-08-30,121,791.78,95805.38,Helsinki WH,1
PO5437,P1010,S101,2023-08-31,120,666.08,79929.6,Tallinn WH,1
PO5387,P1004,S107,2023-09-01,33,35.83,1182.39,Helsinki WH,1
PO5672,P1011,S109,2023-09-03,24,568.09,13634.16,Berlin WH,1
PO5095,P1007,S107,2023-09-05,145,766.41,111129.45,Helsinki WH,1
PO5064,P1018,S110,2023-09-06,117,262.63,30727.71,Berlin WH,1
PO5211,P1014,S110,2023-09-08,117,224.58,26275.86,Helsinki WH,1
PO5235,P1014,S107,2023-09-08,106,224.58,23805.48,Tallinn WH,1
PO5198,P1025,S106,2023-09-11,117,796.96,93244.32,Tallinn WH,1
PO5136,P1022,S105,2023-09-12,120,328.53,39423.6,Tallinn WH,1
PO5302,P1019,S106,2023-09-13,73,702.95,51315.35,Helsinki WH,1
PO5166,P1027,S101,2023-09-16,129,224.46,28955.34,Madrid WH,1
PO5080,P1018,S110,2023-09-19,160,262.63,42020.8,Madrid WH,1
PO5666,P1009,S105,2023-09-25,61,435.94,26592.34,Tallinn WH,1
PO5016,P1024,S104,2023-09-26,172,636.78,109526.16,Tallinn WH,1
PO5293,P1004,S107,2023-09-26,153,35.83,5481.99,Warsaw WH,1
PO5191,P1026,S104,2023-09-27,24,24.01,576.24,Tallinn WH,1
PO5217,P1007,S101,2023-09-27,4,766.41,3065.64,Tallinn WH,1
PO5019,P1018,S103,2023-09-29,90,262.63,23636.7,Helsinki WH,1
PO5595,P1017,S102,2023-09-29,64,676.64,43304.96,Berlin WH,1
PO5456,P1012,S107,2023-09-30,168,77.64,13043.52,Tallinn WH,1
PO5322,P1008,S104,2023-10-01,12,680.28,8163.36,Tallinn WH,1
PO5440,P1014,S110,2023-10-01,123,224.58,27623.34,Berlin WH,1
PO5454,P1021,S108,2023-10-05,197,455.67,89766.99,Warsaw WH,1
PO5534,P1021,S101,2023-10-05,78,455.67,35542.26,Helsinki WH,0
PO5536,P1013,S109,2023-10-06,77,514.01,39578.77,Tallinn WH,1
PO5158,P1024,S106,2023-10-07,18,636.78,11462.04,Tallinn WH,1
PO5708,P1002,S104,2023-10-07,41,593.13,24318.33,Warsaw WH,1
PO5189,P1012,S107,2023-10-08,161,77.64,12500.04,Helsinki WH,1
PO5390,P1027,S101,2023-10-08,183,224.46,41076.18,Tallinn WH,1
PO5616,P1021,S104,2023-10-08,98,455.67,44655.66,Berlin WH,1
PO5253,P1003,S102,2023-10-09,196,346.21,67857.16,Tallinn WH,1
PO5419,P1021,S108,2023-10-09,2,455.67,911.34,Madrid WH,0
PO5300,P1002,S109,2023-10-11,65,593.13,38553.45,Helsinki WH,1
PO5590,P1004,S102,2023-10-13,53,35.83,1898.99,Berlin WH,1
PO5203,P1012,S101,2023-10-14,12,77.64,931.68,Helsinki WH,1
PO5514,P1022,S108,2023-10-14,177,328.53,58149.81,Helsinki WH,1
PO5787,P1012,S107,2023-10-14,185,77.64,14363.4,Helsinki WH,1
PO5433,P1008,S102,2023-10-15,123,680.28,83674.44,Tallinn WH,0
PO5715,P1005,S106,2023-10-16,85,188.05,15984.25,Helsinki WH,1
PO5705,P1015,S108,2023-10-18,199,149.34,29718.66,Helsinki WH,1
PO5617,P1012,S107,2023-10-20,18,77.64,1397.52,Madrid WH,1
PO5178,P1023,S106,2023-10-21,60,86.36,5181.6,Warsaw WH,1
PO5243,P1027,S109,2023-10-21,145,224.46,32546.7,Warsaw WH,1
PO5315,P1015,S108,2023-10-22,75,149.34,11200.5,Warsaw WH,1
PO5168,P1023,S101,2023-10-23,105,86.36,9067.8,Berlin WH,1
PO5473,P1015,S108,2023-10-23,119,149.34,17771.46,Helsinki WH,1
PO5157,P1016,S106,2023-10-24,99,791.78,78386.22,Berlin WH,0
PO5412,P1002,S109,2023-10-27,75,593.13,44484.75,Helsinki WH,1
PO5058,P1024,S102,2023-10-29,7,636.78,4457.46,Helsinki WH,1
PO5061,P1019,S103,2023-10-30,168,702.95,118095.6,Helsinki WH,1
PO5266,P1014,S110,2023-10-30,61,224.58,13699.38,Helsinki WH,1
PO5399,P1011,S104,2023-10-30,175,568.09,99415.75,Berlin WH,1
PO5031,P1023,S106,2023-10-31,111,86.36,9585.96,Berlin WH,1
PO5501,P1019,S106,2023-11-01,62,702.95,43582.9,Berlin WH,1
PO5686,P1022,S105,2023-11-01,9,328.53,2956.77,Madrid WH,1
PO5030,P1014,S108,2023-11-02,140,224.58,31441.2,Helsinki WH,1
PO5134,P1022,S107,2023-11-02,69,328.53,22668.57,Berlin WH,1
PO5284,P1014,S107,2023-11-04,86,224.58,19313.88,Helsinki WH,1
PO5658,P1019,S103,2023-11-05,2,702.95,1405.9,Warsaw WH,1
PO5799,P1027,S109,2023-11-05,36,224.46,8080.56,Berlin WH,1
PO5123,P1010,S101,2023-11-07,39,666.08,25977.12,Madrid WH,0
PO5401,P1017,S104,2023-11-07,106,676.64,71723.84,Berlin WH,1
PO5619,P1026,S107,2023-11-07,106,24.01,2545.06,Madrid WH,1
PO5072,P1014,S108,2023-11-09,181,224.58,40648.98,Berlin WH,1
PO5634,P1025,S106,2023-11-09,72,796.96,57381.12,Helsinki WH,1
PO5342,P1027,S101,2023-11-11,174,224.46,39056.04,Warsaw WH,0
PO5732,P1005,S106,2023-11-11,14,188.05,2632.7,Tallinn WH,1
PO5365,P1023,S106,2023-11-12,44,86.36,3799.84,Madrid WH,1
PO5034,P1017,S104,2023-11-13,61,676.64,41275.04,Berlin WH,0
PO5238,P1003,S102,2023-11-13,169,346.21,58509.49,Warsaw WH,1
PO5351,P1021,S104,2023-11-19,183,455.67,83387.61,Berlin WH,1
PO5371,P1010,S101,2023-11-20,113,666.08,75267.04,Warsaw WH,1
PO5608,P1021,S104,2023-11-22,71,455.67,32352.57,Helsinki WH,1
PO5339,P1002,S109,2023-11-24,8,593.13,4745.04,Berlin WH,1
PO5144,P1021,S101,2023-11-26,85,455.67,38731.95,Warsaw WH,1
PO5725,P1011,S104,2023-11-26,188,568.09,106800.92,Helsinki WH,1
PO5028,P1018,S103,2023-11-27,190,262.63,49899.7,Warsaw WH,1
PO5361,P1004,S102,2023-11-28,83,35.83,2973.89,Berlin WH,1
PO5773,P1003,S104,2023-12-01,67,346.21,23196.07,Helsinki WH,1
PO5194,P1024,S109,2023-12-03,66,636.78,42027.48,Warsaw WH,0
PO5618,P1004,S107,2023-12-03,113,35.83,4048.79,Tallinn WH,1
PO5728,P1022,S107,2023-12-04,156,328.53,51250.68,Warsaw WH,1
PO5294,P1008,S102,2023-12-06,185,680.28,125851.8,Warsaw WH,1
PO5549,P1003,S104,2023-12-07,166,346.21,57470.86,Madrid WH,1
PO5720,P1017,S104,2023-12-07,106,676.64,71723.84,Warsaw WH,1
PO5716,P1002,S104,2023-12-10,163,593.13,96680.19,Helsinki WH,1
PO5264,P1021,S108,2023-12-11,20,455.67,9113.4,Madrid WH,1
PO5683,P1010,S101,2023-12-11,147,666.08,97913.76,Warsaw WH,1
PO5492,P1003,S104,2023-12-13,36,346.21,12463.56,Madrid WH,1
PO5791,P1011,S109,2023-12-15,169,568.09,96007.21,Madrid WH,1
PO5571,P1004,S107,2023-12-20,173,35.83,6198.59,Tallinn WH,1
PO5576,P1025,S106,2023-12-21,143,796.96,113965.28,Berlin WH,1
PO5267,P1024,S102,2023-12-22,155,636.78,98700.9,Berlin WH,1
PO5052,P1007,S109,2023-12-23,158,766.41,121092.78,Madrid WH,1
PO5323,P1013,S109,2023-12-25,200,514.01,102802.0,Warsaw WH,0
PO5469,P1010,S101,2023-12-25,161,666.08,107238.88,Warsaw WH,1
PO5192,P1017,S104,2023-12-26,52,676.64,35185.28,Berlin WH,1
PO5431,P1024,S102,2023-12-26,157,636.78,99974.46,Warsaw WH,1
PO5639,P1021,S104,2023-12-26,31,455.67,14125.77,Helsinki WH,1
PO5035,P1002,S109,2023-12-29,106,593.13,62871.78,Helsinki WH,1
PO5772,P1022,S105,2023-12-30,122,328.53,40080.66,Madrid WH,1
PO5043,P1018,S103,2024-01-01,149,262.63,39131.87,Tallinn WH,1
PO5652,P1010,S101,2024-01-03,58,666.08,38632.64,Madrid WH,0
PO5541,P1024,S102,2024-01-04,175,636.78,111436.5,Madrid WH,1
PO5289,P1021,S104,2024-01-05,55,455.67,25061.85,Tallinn WH,0
PO5082,P1016,S105,2024-01-08,13,791.78,10293.14,Tallinn WH,1
PO5104,P1002,S104,2024-01-08,125,593.13,74141.25,Berlin WH,1
PO5359,P1008,S109,2024-01-08,197,680.28,134015.16,Berlin WH,1
PO5324,P1007,S105,2024-01-09,35,766.41,26824.35,Helsinki WH,1
PO5793,P1016,S106,2024-01-10,175,791.78,138561.5,Tallinn WH,1
PO5563,P1026,S107,2024-01-13,48,24.01,1152.48,Warsaw WH,1
PO5114,P1002,S108,2024-01-15,50,593.13,29656.5,Berlin WH,1
PO5011,P1022,S101,2024-01-16,18,328.53,5913.54,Madrid WH,1
PO5567,P1025,S106,2024-01-18,94,796.96,74914.24,Tallinn WH,1
PO5738,P1026,S104,2024-01-18,115,24.01,2761.15,Helsinki WH,1
PO5524,P1022,S101,2024-01-19,111,328.53,36466.83,Warsaw WH,1
PO5577,P1017,S102,2024-01-19,81,676.64,54807.84,Warsaw WH,1
PO5700,P1005,S110,2024-01-21,127,188.05,23882.35,Madrid WH,1
PO5789,P1027,S101,2024-01-24,88,224.46,19752.48,Berlin WH,1
PO5477,P1024,S109,2024-01-26,14,636.78,8914.92,Tallinn WH,1
PO5328,P1022,S108,2024-01-27,74,328.53,24311.22,Tallinn WH,1
PO5290,P1005,S106,2024-01-29,58,188.05,10906.9,Berlin WH,1
PO5747,P1002,S109,2024-01-30,33,593.13,19573.29,Helsinki WH,1
PO5116,P1024,S109,2024-02-02,76,636.78,48395.28,Berlin WH,1
PO5060,P1008,S106,2024-02-03,184,680.28,125171.52,Warsaw WH,1
PO5385,P1008,S106,2024-02-03,93,680.28,63266.04,Madrid WH,1
PO5657,P1005,S106,2024-02-05,188,188.05,35353.4,Madrid WH,1
PO5047,P1025,S106,2024-02-08,94,796.96,74914.24,Warsaw WH,1
PO5564,P1002,S108,2024-02-09,116,593.13,68803.08,Madrid WH,1
PO5133,P1015,S110,2024-02-10,109,149.34,16278.06,Helsinki WH,1
PO5038,P1001,S103,2024-02-13,118,516.95,61000.1,Tallinn WH,1
PO5326,P1004,S109,2024-02-13,11,35.83,394.13,Tallinn WH,0
PO5689,P1017,S104,2024-02-13,165,676.64,111645.6,Madrid WH,1
PO5537,P1014,S108,2024-02-16,123,224.58,27623.34,Tallinn WH,1
PO5768,P1008,S109,2024-02-16,15,680.28,10204.2,Berlin WH,1
PO5703,P1018,S110,2024-02-17,34,262.63,8929.42,Tallinn WH,1
PO5607,P1009,S105,2024-02-19,177,435.94,77161.38,Berlin WH,1
PO5025,P1008,S104,2024-02-21,176,680.28,119729.28,Tallinn WH,1
PO5486,P1002,S104,2024-02-21,95,593.13,56347.35,Tallinn WH,1
PO5635,P1024,S106,2024-02-21,40,636.78,25471.2,Madrid WH,1
PO5482,P1014,S108,2024-02-23,102,224.58,22907.16,Berlin WH,1
PO5213,P1017,S102,2024-02-25,18,676.64,12179.52,Madrid WH,1
PO5403,P1019,S106,2024-02-29,144,702.95,101224.8,Tallinn WH,0
PO5671,P1014,S110,2024-03-01,116,224.58,26051.28,Tallinn WH,1
PO5128,P1003,S102,2024-03-08,68,346.21,23542.28,Helsinki WH,1
PO5565,P1023,S101,2024-03-15,53,86.36,4577.08,Tallinn WH,1
PO5465,P1001,S103,2024-03-20,194,516.95,100288.3,Helsinki WH,1
PO5479,P1023,S106,2024-03-20,123,86.36,10622.28,Berlin WH,1
PO5620,P1027,S109,2024-03-20,23,224.46,5162.58,Helsinki WH,1
PO5451,P1002,S108,2024-03-22,149,593.13,88376.37,Helsinki WH,1
PO5442,P1022,S108,2024-03-23,196,328.53,64391.88,Berlin WH,1
PO5188,P1003,S104,2024-03-24,163,346.21,56432.23,Berlin WH,1
PO5077,P1025,S106,2024-03-27,125,796.96,99620.0,Berlin WH,1
PO5714,P1002,S109,2024-03-28,164,593.13,97273.32,Madrid WH,1
PO5487,P1008,S106,2024-03-29,190,680.28,129253.2,Berlin WH,1
PO5775,P1003,S102,2024-03-29,166,346.21,57470.86,Berlin WH,1
PO5304,P1022,S101,2024-03-30,116,328.53,38109.48,Tallinn WH,0
PO5678,P1024,S109,2024-03-31,34,636.78,21650.52,Berlin WH,1
PO5352,P1024,S106,2024-04-04,32,636.78,20376.96,Berlin WH,1
PO5582,P1008,S103,2024-04-05,138,680.28,93878.64,Tallinn WH,1
PO5722,P1008,S106,2024-04-06,42,680.28,28571.76,Warsaw WH,1
PO5125,P1007,S107,2024-04-07,199,766.41,152515.59,Madrid WH,1
PO5196,P1015,S102,2024-04-07,174,149.34,25985.16,Warsaw WH,0
PO5417,P1019,S106,2024-04-07,164,702.95,115283.8,Berlin WH,1
PO5504,P1014,S108,2024-04-07,77,224.58,17292.66,Helsinki WH,1
PO5240,P1008,S103,2024-04-08,110,680.28,74830.8,Madrid WH,0
PO5612,P1017,S102,2024-04-08,133,676.64,89993.12,Warsaw WH,1
PO5741,P1017,S104,2024-04-10,142,676.64,96082.88,Helsinki WH,1
PO5039,P1004,S109,2024-04-11,58,35.83,2078.14,Helsinki WH,1
PO5397,P1018,S103,2024-04-11,185,262.63,48586.55,Helsinki WH,1
PO5113,P1018,S103,2024-04-17,31,262.63,8141.53,Berlin WH,1
PO5495,P1024,S109,2024-04-18,18,636.78,11462.04,Berlin WH,1
PO5214,P1003,S102,2024-04-22,85,346.21,29427.85,Berlin WH,1
PO5668,P1008,S103,2024-04-23,20,680.28,13605.6,Berlin WH,1
PO5466,P1003,S103,2024-04-24,188,346.21,65087.48,Madrid WH,1
PO5012,P1027,S109,2024-04-26,104,224.46,23343.84,Helsinki WH,0
PO5057,P1013,S109,2024-04-26,173,514.01,88923.73,Tallinn WH,1
PO5209,P1022,S105,2024-04-28,93,328.53,30553.29,Helsinki WH,0
PO5295,P1026,S104,2024-05-01,114,24.01,2737.14,Madrid WH,1
PO5758,P1008,S104,2024-05-01,13,680.28,8843.64,Warsaw WH,0
PO5661,P1019,S106,2024-05-02,108,702.95,75918.6,Warsaw WH,0
PO5637,P1011,S109,2024-05-03,15,568.09,8521.35,Berlin WH,1
PO5152,P1007,S107,2024-05-05,182,766.41,139486.62,Berlin WH,1
PO5416,P1023,S106,2024-05-05,63,86.36,5440.68,Helsinki WH,1
PO5626,P1004,S109,2024-05-05,127,35.83,4550.41,Warsaw WH,1
PO5316,P1003,S104,2024-05-07,147,346.21,50892.87,Warsaw WH,1
PO5544,P1021,S104,2024-05-10,65,455.67,29618.55,Berlin WH,1
PO5539,P1004,S109,2024-05-11,84,35.83,3009.72,Warsaw WH,1
PO5656,P1021,S104,2024-05-11,119,455.67,54224.73,Tallinn WH,1
PO5094,P1014,S108,2024-05-12,27,224.58,6063.66,Tallinn WH,1
PO5561,P1002,S108,2024-05-14,133,593.13,78886.29,Berlin WH,1
PO5013,P1008,S106,2024-05-19,149,680.28,101361.72,Madrid WH,1
PO5068,P1022,S108,2024-05-21,164,328.53,53878.92,Tallinn WH,1
PO5596,P1024,S109,2024-05-21,195,636.78,124172.1,Warsaw WH,1
PO5622,P1017,S102,2024-05-22,71,676.64,48041.44,Helsinki WH,1
PO5124,P1022,S101,2024-05-23,31,328.53,10184.43,Madrid WH,1
PO5674,P1015,S108,2024-05-23,92,149.34,13739.28,Warsaw WH,1
PO5182,P1009,S105,2024-05-27,117,435.94,51004.98,Tallinn WH,1
PO5216,P1025,S106,2024-05-28,45,796.96,35863.2,Helsinki WH,1
PO5121,P1010,S101,2024-06-01,123,666.08,81927.84,Helsinki WH,1
PO5179,P1016,S105,2024-06-06,171,791.78,135394.38,Helsinki WH,1
PO5475,P1019,S103,2024-06-06,53,702.95,37256.35,Tallinn WH,1
PO5788,P1003,S103,2024-06-15,108,346.21,37390.68,Warsaw WH,1
PO5015,P1002,S104,2024-06-18,53,593.13,31435.89,Tallinn WH,1
PO5434,P1023,S101,2024-06-18,99,86.36,8549.64,Berlin WH,1
PO5436,P1023,S101,2024-06-19,168,86.36,14508.48,Tallinn WH,1
PO5199,P1012,S107,2024-06-20,150,77.64,11646.0,Warsaw WH,1
PO5568,P1012,S101,2024-06-21,172,77.64,13354.08,Warsaw WH,1
PO5739,P1016,S105,2024-06-23,58,791.78,45923.24,Tallinn WH,1
PO5023,P1017,S102,2024-06-25,30,676.64,20299.2,Helsinki WH,1
PO5132,P1001,S103,2024-06-25,161,516.95,83228.95,Madrid WH,1
PO5406,P1021,S108,2024-06-25,157,455.67,71540.19,Warsaw WH,1
PO5169,P1004,S109,2024-06-26,87,35.83,3117.21,Madrid WH,1
PO5730,P1016,S106,2024-06-27,170,791.78,134602.6,Tallinn WH,1
PO5150,P1003,S102,2024-06-30,141,346.21,48815.61,Berlin WH,0
PO5584,P1012,S101,2024-07-02,199,77.64,15450.36,Madrid WH,1
PO5101,P1023,S106,2024-07-03,83,86.36,7167.88,Berlin WH,1
PO5597,P1008,S106,2024-07-04,161,680.28,109525.08,Warsaw WH,1
PO5642,P1017,S102,2024-07-04,188,676.64,127208.32,Helsinki WH,1
PO5140,P1007,S101,2024-07-05,148,766.41,113428.68,Helsinki WH,1
PO5692,P1011,S104,2024-07-07,47,568.09,26700.23,Helsinki WH,1
PO5415,P1008,S103,2024-07-10,36,680.28,24490.08,Helsinki WH,1
PO5024,P1015,S102,2024-07-11,73,149.34,10901.82,Madrid WH,1
PO5137,P1005,S110,2024-07-11,129,188.05,24258.45,Madrid WH,1
PO5428,P1016,S105,2024-07-12,50,791.78,39589.0,Helsinki WH,1
PO5410,P1015,S110,2024-07-14,74,149.34,11051.16,Helsinki WH,1
PO5363,P1026,S107,2024-07-16,33,24.01,792.33,Tallinn WH,1
PO5784,P1008,S104,2024-07-20,164,680.28,111565.92,Tallinn WH,1
PO5084,P1011,S104,2024-07-23,193,568.09,109641.37,Warsaw WH,1
PO5001,P1008,S102,2024-07-24,119,680.28,80953.32,Berlin WH,1
PO5102,P1022,S101,2024-07-25,116,328.53,38109.48,Berlin WH,1
PO5407,P1019,S103,2024-07-25,143,702.95,100521.85,Tallinn WH,1
PO5208,P1005,S110,2024-07-26,9,188.05,1692.45,Tallinn WH,1
PO5662,P1015,S102,2024-07-27,24,149.34,3584.16,Helsinki WH,0
PO5510,P1012,S107,2024-07-28,140,77.64,10869.6,Madrid WH,1
PO5783,P1007,S107,2024-08-01,77,766.41,59013.57,Helsinki WH,1
PO5131,P1015,S108,2024-08-02,180,149.34,26881.2,Warsaw WH,1
PO5160,P1023,S101,2024-08-02,186,86.36,16062.96,Tallinn WH,1
PO5281,P1018,S110,2024-08-02,100,262.63,26263.0,Warsaw WH,1
PO5483,P1021,S108,2024-08-02,98,455.67,44655.66,Warsaw WH,1
PO5603,P1024,S109,2024-08-03,87,636.78,55399.86,Madrid WH,1
PO5020,P1026,S104,2024-08-06,41,24.01,984.41,Warsaw WH,1
PO5623,P1007,S107,2024-08-06,200,766.41,153282.0,Helsinki WH,1
PO5347,P1003,S102,2024-08-07,178,346.21,61625.38,Warsaw WH,1
PO5070,P1013,S101,2024-08-08,61,514.01,31354.61,Tallinn WH,1
PO5754,P1004,S109,2024-08-08,138,35.83,4944.54,Tallinn WH,1
PO5187,P1007,S109,2024-08-09,199,766.41,152515.59,Berlin WH,1
PO5499,P1008,S103,2024-08-10,5,680.28,3401.4,Madrid WH,1
PO5172,P1019,S103,2024-08-11,59,702.95,41474.05,Helsinki WH,1
PO5421,P1024,S102,2024-08-11,83,636.78,52852.74,Tallinn WH,1
PO5180,P1016,S105,2024-08-12,174,791.78,137769.72,Madrid WH,1
PO5408,P1021,S104,2024-08-14,181,455.67,82476.27,Berlin WH,1
PO5425,P1002,S108,2024-08-15,10,593.13,5931.3,Helsinki WH,1
PO5369,P1026,S107,2024-08-16,165,24.01,3961.65,Tallinn WH,1
PO5733,P1022,S101,2024-08-26,170,328.53,55850.1,Madrid WH,1
PO5439,P1026,S107,2024-08-27,95,24.01,2280.95,Madrid WH,1
PO5520,P1022,S101,2024-08-27,64,328.53,21025.92,Helsinki WH,1
PO5687,P1019,S103,2024-08-27,128,702.95,89977.6,Warsaw WH,1
PO5184,P1003,S104,2024-08-28,180,346.21,62317.8,Tallinn WH,1
PO5785,P1018,S103,2024-09-03,49,262.63,12868.87,Berlin WH,1
PO5393,P1004,S107,2024-09-04,152,35.83,5446.16,Tallinn WH,1
PO5675,P1012,S107,2024-09-04,67,77.64,5201.88,Berlin WH,1
PO5022,P1013,S109,2024-09-05,170,514.01,87381.7,Helsinki WH,0
PO5049,P1012,S101,2024-09-07,130,77.64,10093.2,Tallinn WH,1
PO5312,P1019,S103,2024-09-08,32,702.95,22494.4,Helsinki WH,1
PO5530,P1008,S103,2024-09-08,69,680.28,46939.32,Warsaw WH,1
PO5624,P1014,S107,2024-09-09,53,224.58,11902.74,Madrid WH,1
PO5021,P1015,S108,2024-09-11,157,149.34,23446.38,Madrid WH,1
PO5480,P1008,S104,2024-09-12,4,680.28,2721.12,Berlin WH,0
PO5573,P1019,S103,2024-09-17,30,702.95,21088.5,Berlin WH,1
PO5610,P1026,S107,2024-09-17,186,24.01,4465.86,Berlin WH,1
PO5779,P1005,S110,2024-09-17,183,188.05,34413.15,Tallinn WH,1
PO5110,P1019,S103,2024-09-19,170,702.95,119501.5,Madrid WH,1
PO5711,P1011,S104,2024-09-20,188,568.09,106800.92,Tallinn WH,1
PO5135,P1004,S102,2024-09-21,153,35.83,5481.99,Madrid WH,0
PO5396,P1017,S104,2024-09-22,186,676.64,125855.04,Helsinki WH,1
PO5484,P1003,S104,2024-09-23,67,346.21,23196.07,Tallinn WH,1
PO5242,P1008,S103,2024-09-24,87,680.28,59184.36,Tallinn WH,1
PO5263,P1024,S104,2024-09-27,191,636.78,121624.98,Tallinn WH,1
PO5654,P1021,S108,2024-09-28,84,455.67,38276.28,Helsinki WH,1
PO5760,P1021,S104,2024-09-28,72,455.67,32808.24,Warsaw WH,1
PO5766,P1013,S101,2024-09-29,182,514.01,93549.82,Madrid WH,1
PO5237,P1007,S107,2024-10-01,91,766.41,69743.31,Helsinki WH,1
PO5378,P1015,S110,2024-10-02,49,149.34,7317.66,Berlin WH,1
PO5258,P1027,S109,2024-10-03,148,224.46,33220.08,Warsaw WH,1
PO5569,P1026,S107,2024-10-03,153,24.01,3673.53,Warsaw WH,1
PO5670,P1016,S105,2024-10-05,105,791.78,83136.9,Helsinki WH,1
PO5146,P1022,S101,2024-10-06,65,328.53,21354.45,Tallinn WH,1
PO5511,P1008,S102,2024-10-06,5,680.28,3401.4,Berlin WH,1
PO5628,P1015,S110,2024-10-10,34,149.34,5077.56,Warsaw WH,1
PO5409,P1005,S106,2024-10-11,123,188.05,23130.15,Tallinn WH,1
PO5698,P1023,S106,2024-10-13,189,86.36,16322.04,Tallinn WH,1
PO5373,P1015,S108,2024-10-15,188,149.34,28075.92,Tallinn WH,0
PO5538,P1024,S104,2024-10-15,75,636.78,47758.5,Warsaw WH,0
PO5749,P1018,S103,2024-10-16,187,262.63,49111.81,Helsinki WH,1
PO5467,P1007,S107,2024-10-18,61,766.41,46751.01,Tallinn WH,1
PO5054,P1004,S109,2024-10-21,120,35.83,4299.6,Warsaw WH,1
PO5163,P1015,S110,2024-10-21,49,149.34,7317.66,Berlin WH,1
PO5225,P1022,S101,2024-10-21,156,328.53,51250.68,Berlin WH,1
PO5270,P1004,S107,2024-10-23,161,35.83,5768.63,Tallinn WH,1
PO5592,P1004,S102,2024-10-24,181,35.83,6485.23,Tallinn WH,1
PO5704,P1018,S110,2024-10-24,16,262.63,4202.08,Helsinki WH,1
PO5218,P1019,S103,2024-10-25,5,702.95,3514.75,Berlin WH,1
PO5246,P1024,S108,2024-10-26,199,636.78,126719.22,Madrid WH,1
PO5226,P1008,S103,2024-10-27,98,680.28,66667.44,Madrid WH,1
PO5260,P1014,S110,2024-10-27,44,224.58,9881.52,Madrid WH,1
PO5517,P1024,S104,2024-10-30,8,636.78,5094.24,Tallinn WH,1
PO5201,P1004,S107,2024-11-02,157,35.83,5625.31,Berlin WH,1
PO5392,P1017,S102,2024-11-02,157,676.64,106232.48,Tallinn WH,1
PO5432,P1024,S106,2024-11-02,23,636.78,14645.94,Warsaw WH,1
PO5446,P1004,S102,2024-11-02,134,35.83,4801.22,Warsaw WH,1
PO5040,P1024,S104,2024-11-03,72,636.78,45848.16,Helsinki WH,0
PO5287,P1004,S109,2024-11-03,33,35.83,1182.39,Madrid WH,1
PO5435,P1008,S103,2024-11-06,78,680.28,53061.84,Madrid WH,1
PO5048,P1014,S107,2024-11-07,160,224.58,35932.8,Tallinn WH,1
PO5418,P1017,S104,2024-11-07,184,676.64,124501.76,Warsaw WH,1
PO5073,P1017,S104,2024-11-08,139,676.64,94052.96,Warsaw WH,1
PO5112,P1016,S106,2024-11-08,91,791.78,72051.98,Warsaw WH,1
PO5042,P1024,S109,2024-11-09,8,636.78,5094.24,Helsinki WH,1
PO5729,P1021,S101,2024-11-09,53,455.67,24150.51,Berlin WH,1
PO5795,P1008,S109,2024-11-09,96,680.28,65306.88,Tallinn WH,1
PO5329,P1010,S101,2024-11-10,70,666.08,46625.6,Helsinki WH,1
PO5682,P1024,S109,2024-11-10,32,636.78,20376.96,Helsinki WH,0
PO5036,P1015,S110,2024-11-11,106,149.34,15830.04,Berlin WH,1
PO5162,P1003,S104,2024-11-11,142,346.21,49161.82,Madrid WH,1
PO5643,P1007,S101,2024-11-17,110,766.41,84305.1,Tallinn WH,1
PO5717,P1014,S107,2024-11-18,115,224.58,25826.7,Helsinki WH,1
PO5430,P1023,S101,2024-11-21,76,86.36,6563.36,Madrid WH,1
PO5366,P1007,S107,2024-11-22,145,766.41,111129.45,Helsinki WH,1
PO5490,P1022,S107,2024-11-22,66,328.53,21682.98,Warsaw WH,0
PO5195,P1003,S103,2024-11-24,30,346.21,10386.3,Warsaw WH,0
PO5331,P1011,S104,2024-11-25,48,568.09,27268.32,Warsaw WH,1
PO5388,P1004,S109,2024-11-25,143,35.83,5123.69,Tallinn WH,1
PO5372,P1003,S102,2024-11-27,156,346.21,54008.76,Berlin WH,1
PO5105,P1018,S103,2024-11-28,72,262.63,18909.36,Madrid WH,1
PO5516,P1013,S101,2024-11-28,155,514.01,79671.55,Madrid WH,0
PO5613,P1014,S108,2024-12-04,31,224.58,6961.98,Warsaw WH,1
PO5470,P1010,S101,2024-12-06,165,666.08,109903.2,Warsaw WH,1
PO5181,P1022,S105,2024-12-08,151,328.53,49608.03,Tallinn WH,1
PO5659,P1025,S106,2024-12-10,163,796.96,129904.48,Helsinki WH,0
PO5143,P1007,S105,2024-12-13,105,766.41,80473.05,Tallinn WH,1
PO5780,P1011,S104,2024-12-15,118,568.09,67034.62,Tallinn WH,1
PO5086,P1005,S110,2024-12-17,58,188.05,10906.9,Helsinki WH,1
PO5285,P1015,S102,2024-12-17,80,149.34,11947.2,Warsaw WH,1
PO5239,P1021,S101,2024-12-18,143,455.67,65160.81,Tallinn WH,1
PO5589,P1002,S108,2024-12-19,182,593.13,107949.66,Madrid WH,1
PO5591,P1008,S106,2024-12-19,137,680.28,93198.36,Tallinn WH,1
PO5041,P1008,S103,2024-12-20,165,680.28,112246.2,Madrid WH,1
PO5336,P1022,S105,2024-12-20,115,328.53,37780.95,Helsinki WH,1
PO5699,P1007,S101,2024-12-21,146,766.41,111895.86,Madrid WH,1
PO5337,P1018,S110,2024-12-23,158,262.63,41495.54,Warsaw WH,1
PO5381,P1003,S102,2024-12-23,13,346.21,4500.73,Helsinki WH,1
PO5685,P1008,S102,2024-12-25,55,680.28,37415.4,Berlin WH,1
PO5256,P1024,S109,2024-12-26,19,636.78,12098.82,Warsaw WH,1
PO5502,P1018,S103,2024-12-26,69,262.63,18121.47,Warsaw WH,1
PO5794,P1001,S103,2024-12-28,58,516.95,29983.1,Tallinn WH,1
PO5710,P1014,S110,2024-12-31,58,224.58,13025.64,Madrid WH,1
PO5601,P1014,S108,2025-01-03,17,224.58,3817.86,Madrid WH,1
PO5175,P1003,S103,2025-01-04,96,346.21,33236.16,Warsaw WH,1
PO5210,P1026,S104,2025-01-04,16,24.01,384.16,Warsaw WH,1
PO5578,P1027,S109,2025-01-05,3,224.46,673.38,Warsaw WH,1
PO5522,P1002,S104,2025-01-08,28,593.13,16607.64,Helsinki WH,1
PO5769,P1010,S101,2025-01-08,181,666.08,120560.48,Berlin WH,1
PO5261,P1014,S108,2025-01-11,23,224.58,5165.34,Warsaw WH,1
PO5648,P1007,S105,2025-01-15,99,766.41,75874.59,Berlin WH,1
PO5706,P1027,S109,2025-01-17,19,224.46,4264.74,Tallinn WH,1
PO5193,P1008,S109,2025-01-19,136,680.28,92518.08,Madrid WH,1
PO5197,P1002,S109,2025-01-19,24,593.13,14235.12,Warsaw WH,1
PO5341,P1021,S108,2025-01-20,93,455.67,42377.31,Warsaw WH,0
PO5344,P1019,S106,2025-01-21,102,702.95,71700.9,Tallinn WH,1
PO5090,P1018,S103,2025-01-25,43,262.63,11293.09,Madrid WH,1
PO5599,P1014,S108,2025-01-25,117,224.58,26275.86,Warsaw WH,1
PO5655,P1023,S101,2025-01-25,52,86.36,4490.72,Tallinn WH,1
PO5096,P1009,S105,2025-01-28,18,435.94,7846.92,Madrid WH,1
PO5374,P1017,S102,2025-01-28,132,676.64,89316.48,Madrid WH,1
PO5200,P1005,S110,2025-01-30,28,188.05,5265.4,Berlin WH,1
PO5301,P1027,S109,2025-01-30,142,224.46,31873.32,Helsinki WH,1
PO5759,P1007,S109,2025-02-01,6,766.41,4598.46,Tallinn WH,1
PO5651,P1013,S101,2025-02-02,31,514.01,15934.31,Madrid WH,1
PO5441,P1007,S107,2025-02-04,107,766.41,82005.87,Madrid WH,1
PO5765,P1027,S109,2025-02-04,15,224.46,3366.9,Madrid WH,1
PO5093,P1014,S110,2025-02-07,102,224.58,22907.16,Berlin WH,1
PO5721,P1003,S104,2025-02-07,26,346.21,9001.46,Warsaw WH,1
PO5660,P1023,S101,2025-02-09,189,86.36,16322.04,Tallinn WH,1
PO5545,P1004,S109,2025-02-11,19,35.83,680.77,Warsaw WH,0
PO5005,P1004,S102,2025-02-15,1,35.83,35.83,Warsaw WH,1
PO5103,P1008,S106,2025-02-15,87,680.28,59184.36,Helsinki WH,1
PO5411,P1025,S106,2025-02-16,102,796.96,81289.92,Tallinn WH,0
PO5489,P1001,S103,2025-02-16,146,516.95,75474.7,Berlin WH,1
PO5521,P1015,S102,2025-02-17,183,149.34,27329.22,Berlin WH,1
PO5535,P1008,S104,2025-02-17,85,680.28,57823.8,Warsaw WH,1
PO5075,P1007,S101,2025-02-18,123,766.41,94268.43,Helsinki WH,0
PO5165,P1015,S108,2025-02-19,99,149.34,14784.66,Berlin WH,1
PO5798,P1027,S109,2025-02-20,136,224.46,30526.56,Tallinn WH,1
PO5177,P1022,S101,2025-02-22,159,328.53,52236.27,Berlin WH,1
PO5455,P1007,S109,2025-02-22,115,766.41,88137.15,Warsaw WH,1
PO5755,P1018,S103,2025-02-23,168,262.63,44121.84,Warsaw WH,1
PO5575,P1008,S106,2025-02-24,109,680.28,74150.52,Berlin WH,1
PO5579,P1013,S109,2025-02-25,144,514.01,74017.44,Madrid WH,1
PO5621,P1012,S101,2025-02-25,90,77.64,6987.6,Warsaw WH,1
PO5275,P1024,S106,2025-02-26,119,636.78,75776.82,Madrid WH,1
PO5527,P1027,S109,2025-02-27,4,224.46,897.84,Tallinn WH,1
PO5283,P1021,S101,2025-03-02,73,455.67,33263.91,Tallinn WH,1
PO5737,P1025,S106,2025-03-04,48,796.96,38254.08,Tallinn WH,1
PO5205,P1017,S102,2025-03-06,117,676.64,79166.88,Tallinn WH,1
PO5697,P1002,S109,2025-03-06,91,593.13,53974.83,Berlin WH,1
PO5513,P1019,S103,2025-03-07,174,702.95,122313.3,Madrid WH,1
PO5076,P1021,S104,2025-03-09,108,455.67,49212.36,Madrid WH,1
PO5625,P1024,S102,2025-03-13,76,636.78,48395.28,Helsinki WH,1
PO5457,P1025,S106,2025-03-15,136,796.96,108386.56,Berlin WH,1
PO5540,P1004,S109,2025-03-15,94,35.83,3368.02,Helsinki WH,0
PO5667,P1002,S104,2025-03-15,180,593.13,106763.4,Tallinn WH,1
PO5380,P1022,S101,2025-03-16,130,328.53,42708.9,Warsaw WH,0
PO5665,P1026,S107,2025-03-18,20,24.01,480.2,Madrid WH,1
PO5744,P1022,S101,2025-03-19,183,328.53,60120.99,Helsinki WH,1
PO5185,P1024,S109,2025-03-21,71,636.78,45211.38,Helsinki WH,1
PO5707,P1014,S107,2025-03-21,151,224.58,33911.58,Helsinki WH,1
PO5750,P1016,S106,2025-03-24,142,791.78,112432.76,Tallinn WH,1
PO5327,P1024,S106,2025-03-26,140,636.78,89149.2,Warsaw WH,1
PO5512,P1022,S108,2025-03-26,20,328.53,6570.6,Tallinn WH,1
PO5632,P1010,S101,2025-03-26,130,666.08,86590.4,Tallinn WH,1
PO5550,P1022,S107,2025-03-29,193,328.53,63406.29,Tallinn WH,0
PO5330,P1009,S105,2025-03-30,191,435.94,83264.54,Warsaw WH,1
PO5145,P1003,S103,2025-03-31,195,346.21,67510.95,Madrid WH,1
PO5546,P1007,S105,2025-03-31,137,766.41,104998.17,Madrid WH,0
PO5653,P1014,S110,2025-04-01,18,224.58,4042.44,Warsaw WH,1
PO5757,P1004,S107,2025-04-02,10,35.83,358.3,Warsaw WH,1
PO5050,P1002,S104,2025-04-04,179,593.13,106170.27,Tallinn WH,1
PO5384,P1022,S108,2025-04-05,94,328.53,30881.82,Helsinki WH,1
PO5147,P1021,S108,2025-04-07,132,455.67,60148.44,Helsinki WH,1
PO5079,P1002,S109,2025-04-08,186,593.13,110322.18,Berlin WH,1
PO5370,P1002,S109,2025-04-11,77,593.13,45671.01,Warsaw WH,1
PO5503,P1014,S110,2025-04-11,118,224.58,26500.44,Madrid WH,1
PO5107,P1024,S108,2025-04-12,126,636.78,80234.28,Madrid WH,1
PO5420,P1004,S102,2025-04-13,168,35.83,6019.44,Warsaw WH,1
PO5764,P1013,S109,2025-04-13,190,514.01,97661.9,Warsaw WH,1
PO5153,P1023,S101,2025-04-15,24,86.36,2072.64,Berlin WH,0
PO5525,P1024,S106,2025-04-15,27,636.78,17193.06,Helsinki WH,1
PO5776,P1008,S103,2025-04-18,132,680.28,89796.96,Helsinki WH,1
PO5164,P1001,S103,2025-04-21,12,516.95,6203.4,Tallinn WH,1
PO5498,P1025,S106,2025-04-22,4,796.96,3187.84,Helsinki WH,1
PO5594,P1022,S108,2025-04-22,16,328.53,5256.48,Tallinn WH,1
PO5176,P1019,S106,2025-04-23,145,702.95,101927.75,Berlin WH,1
PO5159,P1011,S109,2025-04-29,88,568.09,49991.92,Madrid WH,1
PO5156,P1008,S103,2025-04-30,124,680.28,84354.72,Warsaw WH,1
PO5633,P1024,S106,2025-04-30,109,636.78,69409.02,Warsaw WH,1
PO5471,P1002,S104,2025-05-02,105,593.13,62278.65,Berlin WH,1
PO5650,P1019,S103,2025-05-02,185,702.95,130045.75,Tallinn WH,1
PO5368,P1003,S102,2025-05-03,159,346.21,55047.39,Helsinki WH,1
PO5474,P1014,S110,2025-05-03,143,224.58,32114.94,Madrid WH,1
PO5259,P1015,S108,2025-05-05,75,149.34,11200.5,Helsinki WH,1
PO5488,P1016,S106,2025-05-05,76,791.78,60175.28,Berlin WH,1
PO5377,P1027,S109,2025-05-06,64,224.46,14365.44,Berlin WH,1
PO5547,P1027,S109,2025-05-06,140,224.46,31424.4,Helsinki WH,1
PO5014,P1022,S101,2025-05-08,169,328.53,55521.57,Madrid WH,1
PO5206,P1002,S108,2025-05-08,151,593.13,89562.63,Berlin WH,1
PO5752,P1004,S109,2025-05-09,29,35.83,1039.07,Warsaw WH,1
PO5074,P1003,S102,2025-05-10,100,346.21,34621.0,Madrid WH,0
PO5097,P1023,S101,2025-05-10,126,86.36,10881.36,Helsinki WH,1
PO5051,P1024,S102,2025-05-11,171,636.78,108889.38,Warsaw WH,1
PO5629,P1008,S106,2025-05-11,94,680.28,63946.32,Madrid WH,1
PO5219,P1017,S102,2025-05-12,135,676.64,91346.4,Helsinki WH,1
PO5236,P1005,S110,2025-05-16,185,188.05,34789.25,Helsinki WH,0
PO5288,P1014,S107,2025-05-17,131,224.58,29419.98,Tallinn WH,1
PO5459,P1016,S105,2025-05-18,137,791.78,108473.86,Warsaw WH,1
PO5562,P1008,S104,2025-05-23,119,680.28,80953.32,Berlin WH,1
PO5231,P1002,S104,2025-05-24,81,593.13,48043.53,Tallinn WH,1
PO5602,P1014,S110,2025-05-29,55,224.58,12351.9,Warsaw WH,1
PO5229,P1003,S102,2025-05-30,116,346.21,40160.36,Berlin WH,1
PO5333,P1022,S101,2025-05-31,155,328.53,50922.15,Berlin WH,1
PO5500,P1012,S107,2025-05-31,46,77.64,3571.44,Helsinki WH,1
PO5383,P1021,S101,2025-06-01,35,455.67,15948.45,Tallinn WH,1
PO5233,P1022,S101,2025-06-03,25,328.53,8213.25,Tallinn WH,1
PO5519,P1011,S104,2025-06-03,48,568.09,27268.32,Madrid WH,1
PO5044,P1007,S107,2025-06-08,89,766.41,68210.49,Tallinn WH,1
PO5531,P1004,S102,2025-06-09,71,35.83,2543.93,Warsaw WH,1
PO5748,P1012,S107,2025-06-10,52,77.64,4037.28,Berlin WH,1
PO5142,P1008,S102,2025-06-11,163,680.28,110885.64,Warsaw WH,0
PO5262,P1019,S103,2025-06-11,151,702.95,106145.45,Warsaw WH,1
PO5046,P1027,S101,2025-06-12,1,224.46,224.46,Madrid WH,0
PO5257,P1027,S101,2025-06-12,5,224.46,1122.3,Warsaw WH,0
PO5340,P1012,S107,2025-06-16,9,77.64,698.76,Berlin WH,1
PO5588,P1022,S101,2025-06-18,31,328.53,10184.43,Berlin WH,1
PO5167,P1021,S101,2025-06-20,26,455.67,11847.42,Madrid WH,1
PO5298,P1008,S106,2025-06-21,119,680.28,80953.32,Tallinn WH,1
PO5606,P1004,S102,2025-06-22,117,35.83,4192.11,Helsinki WH,0
PO5249,P1005,S106,2025-06-24,107,188.05,20121.35,Tallinn WH,1
PO5066,P1022,S108,2025-06-25,157,328.53,51579.21,Madrid WH,1
PO5126,P1018,S110,2025-06-25,77,262.63,20222.51,Madrid WH,0
PO5002,P1013,S101,2025-06-26,141,514.01,72475.41,Helsinki WH,1
PO5762,P1002,S108,2025-06-26,199,593.13,118032.87,Tallinn WH,1
PO5681,P1022,S107,2025-06-27,33,328.53,10841.49,Helsinki WH,1
PO5343,P1026,S104,2025-06-28,196,24.01,4705.96,Helsinki WH,1
PO5523,P1021,S104,2025-06-29,93,455.67,42377.31,Tallinn WH,1
PO5553,P1001,S103,2025-07-01,96,516.95,49627.2,Warsaw WH,1
PO5067,P1018,S110,2025-07-02,41,262.63,10767.83,Warsaw WH,1
PO5335,P1021,S104,2025-07-02,155,455.67,70628.85,Warsaw WH,1
PO5220,P1007,S105,2025-07-07,200,766.41,153282.0,Tallinn WH,1
PO5269,P1008,S106,2025-07-08,175,680.28,119049.0,Madrid WH,1
PO5296,P1002,S108,2025-07-08,60,593.13,35587.8,Madrid WH,1
PO5746,P1005,S110,2025-07-08,45,188.05,8462.25,Berlin WH,0
PO5303,P1008,S103,2025-07-09,132,680.28,89796.96,Berlin WH,1
PO5476,P1015,S110,2025-07-10,95,149.34,14187.3,Helsinki WH,1
PO5587,P1027,S101,2025-07-10,68,224.46,15263.28,Tallinn WH,1
PO5221,P1021,S101,2025-07-14,129,455.67,58781.43,Berlin WH,0
PO5273,P1016,S105,2025-07-14,10,791.78,7917.8,Helsinki WH,1
PO5676,P1024,S104,2025-07-15,143,636.78,91059.54,Madrid WH,1
PO5230,P1013,S109,2025-07-17,103,514.01,52943.03,Warsaw WH,1
PO5448,P1010,S101,2025-07-17,34,666.08,22646.72,Madrid WH,1
PO5245,P1017,S104,2025-07-18,88,676.64,59544.32,Berlin WH,1
PO5006,P1004,S109,2025-07-20,74,35.83,2651.42,Warsaw WH,1
PO5083,P1003,S102,2025-07-20,84,346.21,29081.64,Tallinn WH,1
PO5557,P1008,S104,2025-07-21,53,680.28,36054.84,Madrid WH,1
PO5496,P1024,S106,2025-07-22,96,636.78,61130.88,Helsinki WH,1
PO5391,P1019,S106,2025-07-24,39,702.95,27415.05,Madrid WH,1
PO5313,P1026,S107,2025-07-25,17,24.01,408.17,Helsinki WH,1
PO5325,P1005,S110,2025-07-26,10,188.05,1880.5,Tallinn WH,1
PO5800,P1008,S106,2025-07-26,37,680.28,25170.36,Tallinn WH,1
PO5751,P1019,S106,2025-07-27,4,702.95,2811.8,Madrid WH,1
PO5429,P1024,S108,2025-07-28,166,636.78,105705.48,Tallinn WH,1
PO5098,P1026,S104,2025-07-30,182,24.01,4369.82,Berlin WH,1
PO5605,P1026,S107,2025-07-30,5,24.01,120.05,Helsinki WH,0
PO5460,P1019,S103,2025-08-01,89,702.95,62562.55,Berlin WH,1
PO5542,P1024,S108,2025-08-03,182,636.78,115893.96,Berlin WH,1
PO5148,P1025,S106,2025-08-04,106,796.96,84477.76,Helsinki WH,1
PO5202,P1026,S107,2025-08-08,180,24.01,4321.8,Tallinn WH,1
PO5770,P1013,S109,2025-08-08,130,514.01,66821.3,Warsaw WH,1
PO5358,P1022,S105,2025-08-12,175,328.53,57492.75,Madrid WH,1
PO5485,P1005,S106,2025-08-12,26,188.05,4889.3,Warsaw WH,1
PO5375,P1019,S103,2025-08-13,32,702.95,22494.4,Tallinn WH,1
PO5379,P1024,S106,2025-08-14,128,636.78,81507.84,Tallinn WH,1
PO5354,P1026,S104,2025-08-15,142,24.01,3409.42,Berlin WH,1
PO5271,P1013,S101,2025-08-18,114,514.01,58597.14,Tallinn WH,1
PO5297,P1014,S110,2025-08-18,50,224.58,11229.0,Tallinn WH,1
PO5309,P1017,S102,2025-08-18,115,676.64,77813.6,Madrid WH,1
PO5130,P1014,S108,2025-08-20,75,224.58,16843.5,Helsinki WH,1
PO5319,P1027,S109,2025-08-20,12,224.46,2693.52,Warsaw WH,0
PO5085,P1022,S101,2025-08-21,5,328.53,1642.65,Madrid WH,1
PO5141,P1008,S102,2025-08-21,133,680.28,90477.24,Warsaw WH,1
PO5382,P1007,S107,2025-08-21,74,766.41,56714.34,Madrid WH,1
PO5630,P1022,S108,2025-08-22,198,328.53,65048.94,Helsinki WH,1
PO5792,P1021,S101,2025-08-22,33,455.67,15037.11,Tallinn WH,1
PO5402,P1021,S108,2025-08-23,189,455.67,86121.63,Helsinki WH,1
PO5453,P1013,S101,2025-08-24,9,514.01,4626.09,Tallinn WH,1
PO5472,P1008,S102,2025-08-27,62,680.28,42177.36,Berlin WH,1
PO5735,P1022,S101,2025-08-27,30,328.53,9855.9,Tallinn WH,1
PO5232,P1015,S102,2025-08-29,18,149.34,2688.12,Helsinki WH,1
PO5743,P1015,S110,2025-08-30,147,149.34,21952.98,Berlin WH,1
PO5509,P1007,S109,2025-08-31,70,766.41,53648.7,Helsinki WH,0
PO5277,P1002,S104,2025-09-01,129,593.13,76513.77,Berlin WH,0
PO5506,P1016,S106,2025-09-01,15,791.78,11876.7,Helsinki WH,1
PO5790,P1026,S107,2025-09-01,172,24.01,4129.72,Tallinn WH,1
PO5108,P1014,S108,2025-09-02,166,224.58,37280.28,Warsaw WH,1
PO5120,P1007,S105,2025-09-07,113,766.41,86604.33,Tallinn WH,1
PO5356,P1024,S108,2025-09-07,135,636.78,85965.3,Warsaw WH,1
PO5414,P1002,S108,2025-09-08,55,593.13,32622.15,Berlin WH,1
PO5004,P1005,S106,2025-09-12,55,188.05,10342.75,Warsaw WH,1
PO5727,P1007,S109,2025-09-15,181,766.41,138720.21,Helsinki WH,1
PO5183,P1011,S104,2025-09-16,28,568.09,15906.52,Berlin WH,1
PO5497,P1014,S107,2025-09-16,169,224.58,37954.02,Warsaw WH,1
PO5100,P1018,S110,2025-09-17,120,262.63,31515.6,Warsaw WH,1
PO5069,P1019,S106,2025-09-19,161,702.95,113174.95,Berlin WH,1
PO5151,P1022,S105,2025-09-19,32,328.53,10512.96,Helsinki WH,0
PO5691,P1004,S109,2025-09-19,89,35.83,3188.87,Madrid WH,1
PO5604,P1008,S106,2025-09-20,88,680.28,59864.64,Helsinki WH,1
PO5007,P1024,S108,2025-09-23,40,636.78,25471.2,Berlin WH,1
PO5251,P1012,S107,2025-09-23,135,77.64,10481.4,Tallinn WH,1
PO5709,P1014,S110,2025-09-24,167,224.58,37504.86,Tallinn WH,1
PO5171,P1002,S104,2025-09-26,139,593.13,82445.07,Helsinki WH,1
PO5447,P1003,S102,2025-09-28,24,346.21,8309.04,Madrid WH,1
PO5736,P1007,S105,2025-09-28,170,766.41,130289.7,Tallinn WH,1
PO5161,P1023,S106,2025-09-29,39,86.36,3368.04,Warsaw WH,1
PO5224,P1021,S101,2025-10-01,183,455.67,83387.61,Warsaw WH,1
PO5491,P1022,S107,2025-10-01,118,328.53,38766.54,Berlin WH,1
PO5518,P1022,S105,2025-10-01,59,328.53,19383.27,Tallinn WH,1
PO5119,P1017,S102,2025-10-02,27,676.64,18269.28,Helsinki WH,1
PO5122,P1024,S104,2025-10-04,19,636.78,12098.82,Madrid WH,1
PO5580,P1017,S104,2025-10-04,107,676.64,72400.48,Warsaw WH,1
PO5353,P1019,S103,2025-10-08,7,702.95,4920.65,Tallinn WH,1
PO5583,P1016,S105,2025-10-11,141,791.78,111640.98,Madrid WH,1
PO5533,P1024,S108,2025-10-12,153,636.78,97427.34,Madrid WH,1
PO5684,P1024,S104,2025-10-13,8,636.78,5094.24,Warsaw WH,1
PO5149,P1026,S104,2025-10-17,161,24.01,3865.61,Warsaw WH,1
PO5155,P1015,S102,2025-10-17,184,149.34,27478.56,Tallinn WH,1
PO5507,P1022,S101,2025-10-20,112,328.53,36795.36,Tallinn WH,1
PO5645,P1010,S101,2025-10-20,146,666.08,97247.68,Berlin WH,1
PO5554,P1012,S107,2025-10-21,39,77.64,3027.96,Tallinn WH,0
PO5364,P1022,S101,2025-10-26,165,328.53,54207.45,Berlin WH,1
PO5438,P1012,S107,2025-10-26,181,77.64,14052.84,Tallinn WH,1
PO5386,P1011,S104,2025-10-29,116,568.09,65898.44,Madrid WH,1
PO5227,P1016,S105,2025-11-01,155,791.78,122725.9,Warsaw WH,1
PO5445,P1016,S106,2025-11-01,52,791.78,41172.56,Madrid WH,1
PO5318,P1019,S106,2025-11-05,130,702.95,91383.5,Madrid WH,1
PO5389,P1024,S102,2025-11-08,103,636.78,65588.34,Madrid WH,1
PO5265,P1019,S106,2025-11-10,50,702.95,35147.5,Tallinn WH,1
PO5055,P1003,S102,2025-11-12,122,346.21,42237.62,Berlin WH,1
PO5574,P1015,S102,2025-11-12,100,149.34,14934.0,Warsaw WH,1
PO5782,P1023,S101,2025-11-13,170,86.36,14681.2,Tallinn WH,1
PO5593,P1008,S103,2025-11-19,174,680.28,118368.72,Helsinki WH,1
PO5056,P1003,S103,2025-11-21,170,346.21,58855.7,Madrid WH,1
PO5745,P1007,S109,2025-11-24,147,766.41,112662.27,Madrid WH,1
PO5641,P1019,S106,2025-11-25,185,702.95,130045.75,Tallinn WH,1
PO5063,P1002,S109,2025-11-26,119,593.13,70582.47,Helsinki WH,1
PO5362,P1005,S110,2025-11-28,73,188.05,13727.65,Helsinki WH,1
PO5552,P1024,S106,2025-11-28,143,636.78,91059.54,Madrid WH,1
PO5332,P1026,S104,2025-11-29,69,24.01,1656.69,Helsinki WH,1
PO5663,P1007,S109,2025-11-30,106,766.41,81239.46,Tallinn WH,1
PO5781,P1021,S104,2025-12-02,160,455.67,72907.2,Warsaw WH,1
PO5222,P1027,S101,2025-12-03,78,224.46,17507.88,Warsaw WH,1
PO5468,P1014,S107,2025-12-03,57,224.58,12801.06,Warsaw WH,1
PO5529,P1019,S103,2025-12-03,44,702.95,30929.8,Warsaw WH,1
PO5099,P1024,S108,2025-12-04,167,636.78,106342.26,Tallinn WH,1
PO5280,P1019,S106,2025-12-06,157,702.95,110363.15,Berlin WH,1
PO5742,P1013,S109,2025-12-06,108,514.01,55513.08,Madrid WH,1
PO5398,P1004,S102,2025-12-09,162,35.83,5804.46,Madrid WH,1
PO5427,P1022,S107,2025-12-09,127,328.53,41723.31,Berlin WH,1
PO5767,P1021,S108,2025-12-09,146,455.67,66527.82,Helsinki WH,1
PO5115,P1008,S103,2025-12-10,153,680.28,104082.84,Tallinn WH,0
PO5404,P1007,S105,2025-12-12,97,766.41,74341.77,Tallinn WH,0
PO5292,P1008,S109,2025-12-14,10,680.28,6802.8,Tallinn WH,1
PO5299,P1024,S106,2025-12-16,108,636.78,68772.24,Berlin WH,1
PO5311,P1016,S106,2025-12-16,109,791.78,86304.02,Helsinki WH,1
PO5694,P1007,S105,2025-12-20,92,766.41,70509.72,Madrid WH,0
PO5010,P1018,S110,2025-12-23,41,262.63,10767.83,Helsinki WH,0
PO5065,P1014,S107,2025-12-23,144,224.58,32339.52,Madrid WH,1
PO5111,P1016,S106,2025-12-23,89,791.78,70468.42,Warsaw WH,0
PO5255,P1011,S104,2025-12-26,181,568.09,102824.29,Berlin WH,1
PO5394,P1024,S106,2025-12-26,126,636.78,80234.28,Madrid WH,1
PO5405,P1016,S105,2025-12-27,88,791.78,69676.64,Madrid WH,1
